,nTopics,nTopWords,multigram,excludedSDGs,OverallScore
0,17,25,"(1, 1)",[],46.55172413793103
1,17,25,"(1, 2)",[17],42.92035398230089
2,18,25,"(1, 1)",[],23.70689655172414
3,18,25,"(1, 2)",[17],33.1858407079646
